Sample,Voltage (V)
0,0.3
1,0.31
2,0.29
3,0.28
4,0.29
5,0.36
6,0.33
7,0.34
8,0.32
9,0.27
10,0.27
11,0.33
12,0.42
13,0.39
14,0.68
15,0.5
16,0.35
17,0.27
18,0.53
19,0.42
20,0.33
21,0.27
22,0.39
23,0.68
24,0.5
25,0.35
26,0.27
27,0.29
28,0.29
29,0.28
30,0.29
31,0.27
32,0.28
33,0.32
34,0.39
35,0.41
36,0.37
37,0.27
38,0.3
39,0.31
40,0.35
41,0.29
42,0.27
43,0.29
44,0.33
45,0.33
46,0.28
47,0.29
48,0.35
49,0.34
50,0.36
51,0.38
52,0.41
53,0.37
54,0.29
55,0.3
56,0.3
57,0.29
58,0.28
59,0.27
60,0.3
61,0.31
62,0.33
63,0.37
64,0.34
65,0.39
66,0.28
67,0.38
68,0.68
69,0.71
70,0.46
71,0.32
72,0.27
73,0.28
74,0.29
75,0.29
76,0.33
77,0.3
78,0.34
79,0.28
80,0.27
81,0.43
82,0.44
83,0.36
84,0.42
85,0.3
86,0.29
87,0.3
88,0.29
89,0.31
90,0.29
91,0.3
92,0.36
93,0.39
94,0.33
95,0.27
96,0.28
97,0.28
98,0.29
99,0.41
100,0.32
101,0.27
102,0.29
103,0.29
104,0.3
105,0.33
106,0.3
107,0.29
108,0.27
109,0.31
110,0.27
111,0.27
112,0.27
113,0.28
114,0.57
115,0.49
116,0.31
117,0.41
118,0.28
119,0.4
120,0.36
121,0.35
122,0.34
123,0.3
124,0.28
125,0.3
126,0.28
127,0.29
128,0.3
129,0.32
130,0.29
131,0.28
132,0.3
133,0.29
134,0.27
135,0.31
136,0.4
137,0.43
138,0.34
139,0.36
140,0.3
141,0.33
142,0.38
143,0.34
144,0.4
145,0.58
146,0.52
147,0.28
148,0.32
149,0.29
150,0.33
151,0.34
152,0.27
153,0.3
154,0.47
155,0.34
156,0.3
157,0.27
158,0.27
159,0.34
160,0.43
161,0.38
162,0.28
163,0.27
164,0.27
165,0.29
166,0.27
167,0.3
168,0.28
169,0.28
170,0.37
171,0.43
172,0.33
173,0.3
174,0.28
175,0.3
176,0.28
177,0.32
178,0.38
179,0.48
180,0.41
181,0.34
182,0.32
183,0.3
184,0.27
185,0.29
186,0.28
187,0.4
188,0.37
189,0.28
190,0.31
191,0.35
192,0.27
193,0.32
194,0.28
195,0.29
196,0.28
197,0.29
198,0.28
199,0.51
200,0.47
201,0.35
202,0.3
203,0.29
204,0.29
205,0.34
206,0.43
207,0.45
208,0.35
209,0.41
210,0.29
211,0.39
212,0.31
213,0.27
214,0.28
215,0.3
216,0.43
217,0.36
218,0.31
219,0.27
220,0.37
221,0.34
222,0.27
223,0.42
224,0.45
225,0.31
226,0.33
227,0.3
228,0.28
229,0.31
230,0.3
231,0.27
232,0.3
233,0.6
234,0.45
235,0.28
236,0.33
237,0.27
238,0.28
239,0.27
240,0.27
241,0.3
242,0.3
243,0.35
244,0.32
245,0.34
246,0.35
247,0.32
248,0.38
249,0.4
250,0.36
251,0.29
252,0.28
253,0.29
254,0.27
255,0.29
256,0.29
257,0.29
258,0.27
259,0.29
260,0.28
261,0.34
262,0.37
263,0.42
264,0.39
265,0.31
266,0.36
267,0.32
268,0.28
269,0.33
270,0.4
271,0.46
272,0.42
273,0.27
274,0.27
275,0.28
276,0.29
277,0.28
278,0.35
279,0.35
280,0.32
281,0.28
282,0.36
283,0.28
284,0.48
285,0.44
286,0.4
287,0.49
288,0.36
289,0.3
290,0.32
291,0.33
292,0.33
293,0.27
294,0.28
295,0.35
296,0.27
297,0.39
298,0.34
299,0.42
300,0.32
301,0.29
302,0.43
303,0.43
304,0.31
305,0.28
306,0.28
307,0.41
308,0.5
309,0.31
310,0.29
311,0.27
312,0.27
313,0.28
314,0.29
315,0.27
316,0.42
317,0.31
318,0.28
319,0.37
320,0.28
321,0.27
322,0.41
323,0.37
324,0.66
325,0.69
326,0.73
327,0.31
328,0.27
329,0.27
330,0.27
331,0.34
332,0.3
333,0.31
334,0.32
335,0.3
336,0.29
337,0.28
338,0.29
339,0.31
340,0.4
341,0.36
342,0.32
343,0.32
344,0.32
345,0.29
346,0.27
347,0.32
348,0.31
349,0.31
350,0.28
351,0.31
352,0.33
353,0.35
354,0.33
355,0.27
356,0.27
357,0.29
358,0.3
359,0.34
360,0.34
361,0.29
362,0.27
363,0.28
364,0.28
365,0.3
366,0.28
367,0.32
368,0.4
369,0.35
370,0.27
371,0.29
372,0.43
373,0.62
374,0.4
375,0.36
376,0.39
377,0.45
378,0.36
379,0.43
380,0.27
381,0.3
382,0.3
383,0.39
384,0.39
385,0.28
386,0.39
387,0.36
388,0.35
389,0.28
390,0.33
391,0.31
392,0.5
393,0.49
394,0.28
395,0.41
396,0.28
397,0.29
398,0.31
399,0.27
400,0.28
401,0.36
402,0.34
403,0.27
404,0.33
405,0.29
406,0.27
407,0.38
408,0.43
409,0.33
410,0.35
411,0.37
412,0.38
413,0.57
414,0.43
415,0.27
416,0.29
417,0.29
418,0.34
419,0.42
420,0.4
421,0.29
422,0.29
423,0.28
424,0.28
425,0.28
426,0.3
427,0.32
428,0.28
429,0.3
430,0.33
431,0.53
432,0.31
433,0.3
434,0.3
435,0.3
436,0.29
437,0.42
438,0.39
439,0.28
440,0.41
441,0.38
442,0.28
443,0.28
444,0.4
445,0.37
446,0.27
447,0.29
448,0.35
449,0.43
450,0.46
451,0.38
452,0.41
453,0.42
454,0.27
455,0.28
456,0.52
457,0.56
458,0.27
459,0.37
460,0.32
461,0.3
462,0.29
463,0.28
464,0.32
465,0.28
466,0.31
467,0.29
468,0.5
469,0.34
470,0.27
471,0.38
472,0.29
473,0.28
474,0.34
475,0.35
476,0.43
477,0.32
478,0.3
479,0.3
480,0.29
481,0.34
482,0.42
483,0.33
484,0.31
485,0.31
486,0.27
487,0.28
488,0.27
489,0.27
490,0.33
491,0.48
492,0.3
493,0.28
494,0.29
495,0.35
496,0.36
497,0.28
498,0.29
499,0.35
500,0.35
501,0.31
502,0.29
503,0.37
504,0.36
505,0.32
506,0.29
507,0.28
508,0.3
509,0.35
510,0.29
511,0.28
512,0.28
513,0.3
514,0.35
515,0.27
516,0.28
517,0.3
518,0.27
519,0.28
520,0.32
521,0.35
522,0.44
523,0.43
524,0.28
525,0.3
526,0.33
527,0.28
528,0.42
529,0.45
530,0.75
531,0.52
532,0.3
533,0.39
534,0.31
535,0.29
536,0.34
537,0.28
538,0.27
539,0.28
540,0.29
541,0.28
542,0.35
543,0.37
544,0.32
545,0.35
546,0.3
547,0.27
548,0.27
549,0.27
550,0.28
551,0.29
552,0.3
553,0.27
554,0.41
555,0.31
556,0.31
557,0.37
558,0.31
559,0.33
560,0.36
561,0.4
562,0.35
563,0.31
564,0.3
565,0.36
566,0.58
567,0.41
568,0.28
569,0.4
570,0.32
571,0.51
572,0.32
573,0.27
574,0.28
575,0.27
576,0.31
577,0.29
578,0.31
579,0.43
580,0.3
581,0.35
582,0.45
583,0.37
584,0.3
585,0.29
586,0.29
587,0.3
588,0.3
589,0.32
590,0.32
591,0.33
592,0.35
593,0.33
594,0.31
595,0.38
596,0.35
597,0.3
598,0.3
599,0.29
600,0.28
601,0.28
602,0.27
603,0.3
604,0.37
605,0.29
606,0.34
607,0.42
608,0.52
609,0.32
610,0.27
611,0.32
612,0.29
613,0.29
614,0.28
615,0.29
616,0.33
617,0.35
618,0.28
619,0.32
620,0.34
621,0.33
622,0.27
623,0.3
624,0.33
625,0.31
626,0.28
627,0.27
628,0.28
629,0.33
630,0.3
631,0.3
632,0.38
633,0.4
634,0.28
635,0.38
636,0.46
637,0.34
638,0.41
639,0.39
640,0.3
641,0.28
642,0.27
643,0.31
644,0.32
645,0.32
646,0.27
647,0.36
648,0.27
649,0.34
650,0.36
651,0.33
652,0.29
653,0.4
654,0.41
655,0.29
656,0.31
657,0.28
658,0.34
659,0.33
660,0.38
661,0.33
662,0.29
663,0.52
664,0.5
665,0.27
666,0.38
667,0.43
668,0.34
669,0.51
670,0.29
671,0.28
672,0.31
673,0.31
674,0.28
675,0.34
676,0.29
677,0.32
678,0.46
679,0.32
680,0.28
681,0.27
682,0.29
683,0.28
684,0.31
685,0.38
686,0.35
687,0.35
688,0.38
689,0.35
690,0.3
691,0.28
692,0.27
693,0.28
694,0.28
695,0.3
696,0.29
697,0.32
698,0.36
699,0.31
700,0.29
701,0.28
702,0.31
703,0.28
704,0.44
705,0.49
706,0.5
707,0.28
708,0.34
709,0.34
710,0.29
711,0.29
712,0.3
713,0.4
714,0.52
715,0.39
716,0.28
717,0.3
718,0.28
719,0.3
720,0.33
721,0.34
722,0.29
723,0.31
724,0.29
725,0.29
726,0.27
727,0.27
728,0.27
729,0.31
730,0.28
731,0.54
732,0.56
733,0.33
734,0.33
735,0.32
736,0.31
737,0.29
738,0.29
739,0.31
740,0.28
741,0.29
742,0.36
743,0.43
744,0.5
745,0.35
746,0.28
747,0.39
748,0.46
749,0.28
750,0.31
751,0.29
752,0.32
753,0.33
754,0.29
755,0.28
756,0.28
757,0.35
758,0.27
759,0.34
760,0.36
761,0.37
762,0.31
763,0.37
764,0.28
765,0.32
766,0.42
767,0.35
768,0.28
769,0.28
770,0.33
771,0.28
772,0.27
773,0.3
774,0.33
775,0.27
776,0.27
777,0.27
778,0.27
779,0.3
780,0.29
781,0.43
782,0.27
783,0.37
784,0.32
785,0.33
786,0.32
787,0.29
788,0.33
789,0.64
790,0.47
791,0.28
792,0.28
793,0.31
794,0.37
795,0.3
796,0.3
797,0.4
798,0.33
799,0.31
800,0.28
801,0.29
802,0.28
803,0.3
804,0.36
805,0.32
806,0.28
807,0.33
808,0.32
809,0.34
810,0.33
811,0.3
812,0.28
813,0.32
814,0.29
815,0.28
816,0.28
817,0.38
818,0.3
819,0.28
820,0.3
821,0.29
822,0.29
823,0.38
824,0.55
825,0.45
826,0.29
827,0.29
828,0.3
829,0.36
830,0.43
831,0.3
832,0.28
833,0.3
834,0.29
835,0.28
836,0.28
837,0.28
838,0.28
839,0.27
840,0.33
841,0.27
842,0.28
843,0.35
844,0.36
845,0.37
846,0.32
847,0.28
848,0.29
849,0.29
850,0.36
851,0.29
852,0.3
853,0.32
854,0.35
855,0.42
856,0.37
857,0.32
858,0.28
859,0.3
860,0.3
861,0.3
862,0.31
863,0.28
864,0.27
865,0.28
866,0.32
867,0.38
868,0.31
869,0.28
870,0.28
871,0.72
872,0.71
873,0.32
874,0.3
875,0.32
876,0.28
877,0.36
878,0.56
879,0.28
880,0.39
881,0.31
882,0.29
883,0.5
884,0.3
885,0.37
886,0.3
887,0.35
888,0.35
889,0.28
890,0.34
891,0.35
892,0.39
893,0.29
894,0.28
895,0.31
896,0.3
897,0.3
898,0.31
899,0.29
900,0.3
901,0.31
902,0.31
903,0.27
904,0.37
905,0.31
906,0.29
907,0.31
908,0.27
909,0.3
910,0.33
911,0.39
912,0.32
913,0.28
914,0.36
915,0.37
916,0.3
917,0.27
918,0.31
919,0.33
920,0.34
921,0.41
922,0.48
923,0.34
924,0.28
925,0.43
926,0.28
927,0.38
928,0.34
929,0.28
930,0.36
931,0.46
932,0.53
933,0.35
934,0.28
935,0.3
936,0.28
937,0.37
938,0.3
939,0.3
940,0.29
941,0.35
942,0.32
943,0.28
944,0.27
945,0.28
946,0.29
947,0.3
948,0.31
949,0.29
950,0.3
951,0.3
952,0.3
953,0.3
954,0.28
955,0.28
956,0.33
957,0.37
958,0.28
959,0.28
960,0.28
961,0.33
962,0.34
963,0.34
964,0.41
965,0.34
966,0.28
967,0.33
968,0.29
969,0.31
970,0.28
971,0.29
972,0.34
973,0.34
974,0.35
975,0.3
976,0.48
977,0.42
978,0.28
979,0.45
980,0.39
981,0.29
982,0.29
983,0.31
984,0.29
985,0.41
986,0.51
987,0.33
988,0.34
989,0.28
990,0.3
991,0.28
992,0.3
993,0.28
994,0.31
995,0.28
996,0.3
997,0.39
998,0.5
999,0.28
